id,revenue
3001,42544808
3002,41015082
3003,64743439
3004,67421845
3005,39221279
3006,67858816
3007,48036438
3008,59176137
3009,63403984
3010,114358788
3011,23725858
3012,44478478
3013,79887791
3014,28530281
3015,64155825
3016,33438649
3017,85100589
3018,73368682
3019,51882148
3020,163339051
3021,77050139
3022,96355391
3023,28224986
3024,61941892
3025,44069296
3026,76370819
3027,38489468
3028,92955173
3029,28442601
3030,79268555
3031,82898878
3032,43858366
3033,26633645
3034,22942525
3035,56329828
3036,77532062
3037,84556862
3038,111638325
3039,60237211
3040,42972599
3041,54559348
3042,33747955
3043,51792382
3044,47031772
3045,123670425
3046,33200935
3047,74800074
3048,61337086
3049,60871611
3050,93959529
3051,26675802
3052,56511993
3053,26191871
3054,30125680
3055,64368134
3056,29926075
3057,82223370
3058,77762330
3059,27247082
3060,62487879
3061,86937864
3062,105483945
3063,85829223
3064,50989323
3065,58833599
3066,73200365
3067,64857529
3068,75731343
3069,77834714
3070,35636400
3071,88575719
3072,174974495
3073,41705392
3074,22373006
3075,89337370
3076,122732014
3077,75570188
3078,78943157
3079,71183132
3080,74802759
3081,91801538
3082,60694894
3083,48623537
3084,26365856
3085,67198970
3086,63384652
3087,33627163
3088,41168765
3089,25815507
3090,64201988
3091,50745984
3092,59338346
3093,116726588
3094,74545210
3095,60684832
3096,26489830
3097,167141514
3098,64568819
3099,57393309
3100,77965264
3101,75877539
3102,69185231
3103,28000439
3104,25158235
3105,56684568
3106,49098272
3107,62053330
3108,60719795
3109,58850220
3110,122632002
3111,38639968
3112,47065696
3113,64696831
3114,95560559
3115,88093282
3116,44918171
3117,39336015
3118,61028073
3119,98015514
3120,98314999
3121,34838486
3122,70419734
3123,108886108
3124,56873266
3125,24852851
3126,63814021
3127,54427587
3128,68267416
3129,138174347
3130,46340041
3131,54647258
3132,30165886
3133,28496225
3134,73190539
3135,33735392
3136,38463262
3137,68931169
3138,25659989
3139,74787532
3140,119329505
3141,39212156
3142,28166847
3143,92352731
3144,49369595
3145,84159577
3146,28301345
3147,71364432
3148,73068977
3149,57271610
3150,61623914
3151,56155423
3152,57522170
3153,76907493
3154,59137494
3155,74080564
3156,65023581
3157,83334397
3158,122533390
3159,69750665
3160,47757983
3161,35687041
3162,82393449
3163,73968429
3164,47921749
3165,40117292
3166,26262221
3167,67769349
3168,23398619
3169,97667863
3170,81346234
3171,91570604
3172,64839791
3173,25910789
3174,50663438
3175,63063931
3176,68998352
3177,77862541
3178,45823496
3179,55996680
3180,67663716
3181,33335213
3182,136174202
3183,63215936
3184,61937918
3185,54639566
3186,60808250
3187,69661979
3188,57986161
3189,75922805
3190,93141249
3191,75819049
3192,35266318
3193,197738958
3194,72071631
3195,24971404
3196,60868093
3197,121696948
3198,70946037
3199,93418387
3200,44264386
3201,89248448
3202,34524167
3203,24668148
3204,48865120
3205,36042001
3206,81559806
3207,87746150
3208,79295233
3209,29064344
3210,138087150
3211,29023897
3212,103777208
3213,130800475
3214,50016668
3215,33158422
3216,52383739
3217,121825798
3218,50285344
3219,50721723
3220,132658168
3221,73755664
3222,51259220
3223,68470146
3224,29298833
3225,56249516
3226,64815640
3227,92984027
3228,56627825
3229,82205758
3230,70856627
3231,69222375
3232,79315226
3233,34476893
3234,69316588
3235,95510024
3236,36941621
3237,72119130
3238,51905900
3239,38700818
3240,118755241
3241,42581711
3242,42232503
3243,49259552
3244,22352237
3245,75382885
3246,59998989
3247,79722672
3248,62932322
3249,51462915
3250,110801248
3251,35686967
3252,76524397
3253,93059657
3254,29252796
3255,23212784
3256,82366813
3257,78515392
3258,88932525
3259,70825487
3260,41811985
3261,158533138
3262,51993050
3263,24017761
3264,25389599
3265,22759888
3266,28496933
3267,95816787
3268,25061668
3269,80013821
3270,69276476
3271,61664733
3272,48954121
3273,63088701
3274,133408798
3275,83195097
3276,29828360
3277,28981163
3278,70817989
3279,87880522
3280,80117671
3281,24922871
3282,36707547
3283,120765044
3284,66863358
3285,68879689
3286,46724851
3287,59072895
3288,53022009
3289,84153595
3290,100488532
3291,89576352
3292,130487116
3293,70475366
3294,57327950
3295,43382850
3296,31700887
3297,41012676
3298,76818854
3299,44850327
3300,61337841
3301,23976197
3302,77427163
3303,70018758
3304,45872485
3305,63806135
3306,31965572
3307,78185742
3308,34327667
3309,51679104
3310,57401315
3311,43391906
3312,85176282
3313,76091793
3314,57943034
3315,80372577
3316,58222746
3317,59237317
3318,43846532
3319,40974268
3320,55761243
3321,25595847
3322,48480393
3323,65169038
3324,30517244
3325,74984819
3326,80099980
3327,74236858
3328,45815751
3329,51187989
3330,71728998
3331,70040634
3332,70083996
3333,76897740
3334,37194136
3335,58211992
3336,55349009
3337,24695230
3338,48764159
3339,42473713
3340,73650723
3341,83115602
3342,88886278
3343,85872952
3344,23359021
3345,64463018
3346,53565730
3347,31194687
3348,33734967
3349,87210907
3350,117298822
3351,83353106
3352,48886697
3353,68767004
3354,65920265
3355,26024235
3356,55355826
3357,32802613
3358,49718295
3359,70148013
3360,50553851
3361,92052317
3362,55713769
3363,58927890
3364,62360481
3365,28753087
3366,58785003
3367,86328900
3368,23235430
3369,87790609
3370,118319916
3371,71584889
3372,108807343
3373,93752112
3374,78375363
3375,71529121
3376,57926302
3377,63767994
3378,35927538
3379,103315032
3380,61848849
3381,59724635
3382,38065337
3383,48991008
3384,89249119
3385,77949214
3386,36541573
3387,33629119
3388,72873263
3389,159919327
3390,46746601
3391,36586262
3392,69509633
3393,50273740
3394,88683738
3395,75252068
3396,53740649
3397,24915530
3398,126174374
3399,66371106
3400,49694521
3401,32314833
3402,30141772
3403,761403537
3404,55307372
3405,52916764
3406,63990717
3407,71478464
3408,65602329
3409,22738474
3410,60179791
3411,85493810
3412,49610591
3413,43255027
3414,29680204
3415,83360761
3416,215443636
3417,68250926
3418,84419030
3419,85125206
3420,40969329
3421,66988979
3422,47260063
3423,129880920
3424,30085453
3425,41979285
3426,92495539
3427,54345135
3428,45380358
3429,76901746
3430,176657421
3431,36046599
3432,61108412
3433,48895689
3434,66173205
3435,112851373
3436,80928311
3437,42332174
3438,49981496
3439,82985415
3440,60928827
3441,81685568
3442,46026346
3443,35043066
3444,30021998
3445,73029164
3446,27165952
3447,53857041
3448,94842758
3449,57156109
3450,73748291
3451,82440692
3452,65758555
3453,94127165
3454,45784815
3455,49566898
3456,70020583
3457,92062154
3458,93898517
3459,200358733
3460,73643256
3461,64347544
3462,49782992
3463,55552887
3464,23001413
3465,86995615
3466,73852367
3467,46002205
3468,90444575
3469,68921143
3470,25794455
3471,76575908
3472,22558454
3473,74784559
3474,74042512
3475,83193330
3476,31624554
3477,82748420
3478,42111711
3479,116301854
3480,53344932
3481,33343392
3482,27121514
3483,24395462
3484,41596100
3485,98543411
3486,97662483
3487,84776014
3488,142136859
3489,49420052
3490,56040117
3491,55570799
3492,30364500
3493,63539011
3494,62207385
3495,65339059
3496,47100565
3497,103965340
3498,26033495
3499,67137235
3500,43269635
3501,102383652
3502,73250004
3503,69895235
3504,65660430
3505,61902284
3506,90094266
3507,75957201
3508,51248917
3509,76687240
3510,72710052
3511,41073205
3512,94600913
3513,57175337
3514,71595402
3515,25116047
3516,80915522
3517,205371852
3518,71656975
3519,71804602
3520,29264504
3521,34853975
3522,70087834
3523,88331415
3524,89953157
3525,77103343
3526,124704160
3527,71777887
3528,24555243
3529,116388642
3530,42887819
3531,112479749
3532,77984260
3533,52536158
3534,96243062
3535,110364743
3536,50771262
3537,84681785
3538,86802680
3539,68116822
3540,53527307
3541,72167086
3542,45822143
3543,28251921
3544,57167776
3545,31474531
3546,62887229
3547,71548065
3548,97034396
3549,36994542
3550,86533333
3551,84261383
3552,96174925
3553,144036085
3554,79759822
3555,63807440
3556,116002196
3557,50619708
3558,71698927
3559,97298583
3560,31364331
3561,72282120
3562,56127382
3563,58754010
3564,28702751
3565,30250388
3566,71408125
3567,79840690
3568,34365036
3569,78479061
3570,34510812
3571,55995191
3572,68172338
3573,50085283
3574,47342787
3575,53217355
3576,56312441
3577,51248487
3578,101340244
3579,64851793
3580,90679630
3581,98279533
3582,90054726
3583,27010528
3584,54561503
3585,82202271
3586,77958825
3587,76611369
3588,40943547
3589,67800070
3590,101917748
3591,84241495
3592,26974794
3593,34875955
3594,45927047
3595,49348202
3596,56312620
3597,49847764
3598,74475305
3599,42284202
3600,46386009
3601,29352551
3602,42180782
3603,68716678
3604,31946098
3605,64305020
3606,80833165
3607,88791840
3608,71968148
3609,39781318
3610,61705390
3611,23846717
3612,52669801
3613,80657297
3614,78289487
3615,86437249
3616,60231464
3617,79121127
3618,64428580
3619,24761837
3620,77585717
3621,82225840
3622,186372944
3623,63026766
3624,30792269
3625,32918549
3626,63634991
3627,92363322
3628,240546006
3629,47953608
3630,29415649
3631,73896569
3632,62394552
3633,58498375
3634,26451926
3635,51119595
3636,57513193
3637,24375395
3638,64179772
3639,57061063
3640,91746346
3641,86138948
3642,70134778
3643,63711062
3644,58960572
3645,52030661
3646,95261016
3647,102590404
3648,32422447
3649,60451125
3650,95659926
3651,79159089
3652,56584236
3653,103412784
3654,81346454
3655,65220271
3656,76944752
3657,37921140
3658,34266277
3659,65753159
3660,119190786
3661,57826872
3662,54321247
3663,110949803
3664,24949533
3665,34989647
3666,49934756
3667,84157475
3668,68129290
3669,29986689
3670,78712868
3671,54829722
3672,45253238
3673,99458043
3674,69416028
3675,95857811
3676,63514410
3677,78206432
3678,80591975
3679,34218605
3680,23589682
3681,34415304
3682,62020061
3683,31863001
3684,75320761
3685,67335990
3686,77792463
3687,57196163
3688,40572443
3689,30893744
3690,59054795
3691,42231140
3692,25968561
3693,98228515
3694,105523396
3695,81248382
3696,71319260
3697,71317545
3698,78787418
3699,86083526
3700,33882437
3701,50185358
3702,24643106
3703,79889574
3704,114697253
3705,41230731
3706,121766910
3707,32772542
3708,44349365
3709,89558986
3710,89567481
3711,28755635
3712,54660776
3713,92947779
3714,26315063
3715,77882953
3716,36319239
3717,24614005
3718,32376610
3719,90022406
3720,48831473
3721,27514027
3722,79566509
3723,49374592
3724,53381059
3725,80640995
3726,66597567
3727,52021265
3728,61744501
3729,64327168
3730,78568125
3731,74674207
3732,28624467
3733,85872832
3734,88273171
3735,51752023
3736,57759977
3737,48465523
3738,24431977
3739,49801024
3740,100959984
3741,35244779
3742,82617105
3743,63300852
3744,88268300
3745,83780393
3746,88606057
3747,30664279
3748,56447274
3749,47607866
3750,27268958
3751,67712621
3752,25772396
3753,64091358
3754,65756153
3755,89821957
3756,84974585
3757,87280497
3758,92133836
3759,43952280
3760,88196220
3761,110327966
3762,100402761
3763,40100393
3764,61477786
3765,51835970
3766,57706778
3767,51644073
3768,56122951
3769,29128848
3770,75475928
3771,78587882
3772,68442193
3773,73750646
3774,50225569
3775,118175938
3776,69374359
3777,26588222
3778,26237666
3779,80574987
3780,46172788
3781,52083252
3782,25507889
3783,49406702
3784,49772626
3785,84153668
3786,62503074
3787,92297738
3788,793638547
3789,57165831
3790,40054613
3791,45447719
3792,27111746
3793,30593629
3794,24481259
3795,382708948
3796,58318553
3797,88235047
3798,53216291
3799,54184725
3800,24151315
3801,66458067
3802,47221802
3803,40715508
3804,23512977
3805,24358056
3806,96818003
3807,52192802
3808,43474835
3809,67869172
3810,70126662
3811,77143759
3812,59407265
3813,25917427
3814,41332825
3815,181309006
3816,59585162
3817,243356110
3818,71888123
3819,104090484
3820,104417428
3821,109061032
3822,29812992
3823,29600961
3824,44845293
3825,67948567
3826,118822791
3827,50638432
3828,61601163
3829,22397293
3830,65536645
3831,22349810
3832,99870486
3833,53349756
3834,80839829
3835,42672264
3836,29785826
3837,59614782
3838,226815590
3839,77869598
3840,46749611
3841,80637551
3842,73572953
3843,63497510
3844,25565744
3845,27560578
3846,39214002
3847,48083182
3848,52753753
3849,83148295
3850,72616506
3851,77361810
3852,26905262
3853,67384690
3854,28873884
3855,27526103
3856,61305348
3857,260309397
3858,27048102
3859,61972949
3860,72988360
3861,70731625
3862,81232972
3863,79823528
3864,128342249
3865,99921362
3866,47094797
3867,55282896
3868,76384530
3869,72315846
3870,83464323
3871,252259120
3872,70453606
3873,75347230
3874,38748344
3875,100554216
3876,23667740
3877,80991216
3878,109602158
3879,110311030
3880,36549679
3881,23326250
3882,42044025
3883,27777370
3884,26482222
3885,45852308
3886,63302074
3887,69852696
3888,41285892
3889,210967227
3890,88390869
3891,40825524
3892,59601044
3893,88776613
3894,78115733
3895,67406508
3896,63679869
3897,48718154
3898,54860480
3899,247631183
3900,107627276
3901,29219899
3902,24301590
3903,58473820
3904,41527291
3905,70054576
3906,77510438
3907,47739878
3908,49000719
3909,25448162
3910,62730799
3911,24071422
3912,43065165
3913,88587129
3914,65372622
3915,114812360
3916,28724448
3917,60880473
3918,38192772
3919,98074754
3920,47836089
3921,32827969
3922,41463254
3923,64827611
3924,75798857
3925,92198544
3926,49662463
3927,91050404
3928,69994697
3929,53288655
3930,37859263
3931,42180583
3932,60481117
3933,58160204
3934,76832094
3935,23719781
3936,27161783
3937,106378028
3938,41176358
3939,59411958
3940,26818128
3941,67068494
3942,84758207
3943,214086999
3944,52812751
3945,87757707
3946,32882207
3947,64186546
3948,45266420
3949,55140995
3950,65934228
3951,52870606
3952,67892626
3953,59040790
3954,107448907
3955,70276328
3956,64346904
3957,63928394
3958,66020256
3959,41780221
3960,26961691
3961,67059062
3962,60769082
3963,72907465
3964,119329007
3965,76903241
3966,88120804
3967,106987769
3968,63558113
3969,49449509
3970,61857202
3971,46648718
3972,67612064
3973,76681630
3974,27015514
3975,105778370
3976,58043717
3977,81783740
3978,91598179
3979,29581749
3980,48271571
3981,40368628
3982,73028760
3983,59547693
3984,125383155
3985,70842491
3986,185430386
3987,50018661
3988,38152577
3989,74076961
3990,76851394
3991,44264334
3992,29589326
3993,33978039
3994,63048573
3995,56199604
3996,105191512
3997,56623960
3998,61516587
3999,70482099
4000,56240896
4001,48242324
4002,84575539
4003,28489136
4004,74364555
4005,23574508
4006,68138555
4007,26536255
4008,42459100
4009,71781903
4010,24343353
4011,60044491
4012,101240053
4013,81415514
4014,34979380
4015,66947939
4016,60498698
4017,51329251
4018,78799488
4019,134014334
4020,47832649
4021,68305541
4022,80219418
4023,99636936
4024,86167960
4025,44294656
4026,92225228
4027,72373518
4028,37698323
4029,23737577
4030,64876605
4031,64541244
4032,36281424
4033,30215976
4034,50129794
4035,90733490
4036,42886162
4037,68645253
4038,50426894
4039,60262007
4040,39915742
4041,34845748
4042,67015028
4043,29146565
4044,76188192
4045,133913294
4046,79779149
4047,105096890
4048,74650601
4049,23556172
4050,50170477
4051,115875112
4052,61432520
4053,28777495
4054,24275819
4055,42900219
4056,52758042
4057,24919038
4058,109997576
4059,34017521
4060,67196144
4061,108117746
4062,63560598
4063,80592667
4064,26222728
4065,80118158
4066,56520697
4067,78734057
4068,62332245
4069,59571052
4070,82796103
4071,52686743
4072,56022677
4073,103111264
4074,22577990
4075,85842766
4076,66654793
4077,209211276
4078,47126278
4079,81817455
4080,42771746
4081,38036604
4082,103110116
4083,100675395
4084,24184526
4085,49953774
4086,94398719
4087,33816470
4088,65017908
4089,64929358
4090,32482552
4091,76550027
4092,74624594
4093,64463270
4094,64777044
4095,110939835
4096,85524961
4097,72047045
4098,49349476
4099,41590573
4100,88460947
4101,57193521
4102,32847192
4103,71818806
4104,65124595
4105,22644848
4106,49645857
4107,28909958
4108,50824252
4109,27040766
4110,57395013
4111,27898403
4112,64566496
4113,52486970
4114,213457941
4115,31695460
4116,49855891
4117,35657232
4118,84014625
4119,51581483
4120,37797171
4121,30178470
4122,70987717
4123,42992864
4124,62199478
4125,61394952
4126,33260101
4127,36652885
4128,50166896
4129,32993964
4130,66179214
4131,62821897
4132,70909612
4133,59150282
4134,49649077
4135,45158705
4136,168572538
4137,41459992
4138,71438494
4139,49435284
4140,31730884
4141,70044797
4142,84895536
4143,56602085
4144,34360915
4145,100110160
4146,46709037
4147,37716507
4148,88002367
4149,47505767
4150,41636972
4151,26041984
4152,60964676
4153,96817583
4154,38834576
4155,54453568
4156,58114413
4157,31497691
4158,42964241
4159,77781840
4160,148092290
4161,86592505
4162,70538061
4163,88429340
4164,53431783
4165,50432022
4166,65103973
4167,56655300
4168,67287090
4169,30277549
4170,56918831
4171,92004571
4172,58453491
4173,59918939
4174,61095330
4175,33685653
4176,43248914
4177,23672029
4178,137905237
4179,53248333
4180,59142202
4181,53062760
4182,31317308
4183,80167320
4184,58769630
4185,35602523
4186,56894922
4187,55857343
4188,42835369
4189,32089116
4190,22652541
4191,38526675
4192,22962701
4193,74194124
4194,97251566
4195,58452264
4196,63743644
4197,53845721
4198,25019344
4199,50551151
4200,65230133
4201,81011712
4202,50118945
4203,80610416
4204,83171365
4205,52487002
4206,79444386
4207,124802227
4208,148115025
4209,103187843
4210,71743894
4211,60343861
4212,103030925
4213,25679620
4214,65636258
4215,50295379
4216,28622569
4217,39682864
4218,64247862
4219,45352474
4220,62762233
4221,27804489
4222,22357108
4223,71759388
4224,50493584
4225,66065019
4226,60579923
4227,85900805
4228,23259340
4229,74248168
4230,51742292
4231,39171090
4232,69560226
4233,64517429
4234,124178654
4235,95483582
4236,46279962
4237,26192217
4238,63992473
4239,114121169
4240,114627474
4241,98830003
4242,54150287
4243,30221361
4244,57345898
4245,44816544
4246,49485856
4247,71961609
4248,54923867
4249,51389455
4250,60964906
4251,35928786
4252,86957684
4253,89703677
4254,92937329
4255,105109081
4256,109476291
4257,62091606
4258,50355238
4259,45532358
4260,89057909
4261,67105140
4262,24209878
4263,30517873
4264,97941745
4265,79464809
4266,88639982
4267,83921628
4268,57480784
4269,59219683
4270,119795719
4271,47931701
4272,24310823
4273,56125809
4274,77946786
4275,63734065
4276,53659209
4277,93823977
4278,55826544
4279,89881118
4280,29867512
4281,30170752
4282,102193282
4283,23535529
4284,29456165
4285,22726094
4286,105595277
4287,52212915
4288,65348696
4289,63003805
4290,71170086
4291,43248232
4292,46189042
4293,58225478
4294,87185561
4295,78008070
4296,87857624
4297,99063249
4298,38571191
4299,76290511
4300,73769847
4301,55137434
4302,49934096
4303,61587934
4304,66570784
4305,101724640
4306,63840715
4307,28616576
4308,23989683
4309,72554078
4310,27308592
4311,26527603
4312,74052134
4313,126701059
4314,51208134
4315,101228146
4316,111202093
4317,26951241
4318,70375423
4319,26633535
4320,86234168
4321,58403470
4322,32970269
4323,31472727
4324,81175583
4325,47609795
4326,66546066
4327,109036163
4328,80398532
4329,23229814
4330,254375946
4331,84085520
4332,63362735
4333,46830348
4334,98961585
4335,81147405
4336,62210332
4337,28367228
4338,101519970
4339,81196394
4340,66162640
4341,65827201
4342,44412585
4343,58909696
4344,24983684
4345,27361278
4346,60362014
4347,67959274
4348,31850559
4349,97917521
4350,39844265
4351,166388729
4352,32001573
4353,96645055
4354,57031821
4355,71568844
4356,67750363
4357,188018895
4358,51433117
4359,84752906
4360,64590448
4361,59407831
4362,45768435
4363,66584117
4364,86947318
4365,36635990
4366,77050737
4367,91911161
4368,98013212
4369,54165094
4370,60963512
4371,138044327
4372,54331303
4373,73707954
4374,80452874
4375,36301207
4376,22368513
4377,58500750
4378,103760477
4379,109594424
4380,92137443
4381,61532186
4382,31041402
4383,87893484
4384,55902022
4385,26332340
4386,37912939
4387,113379333
4388,89922572
4389,86829447
4390,45355525
4391,31165560
4392,72901781
4393,104356092
4394,66533613
4395,72715007
4396,56891665
4397,86951413
4398,72810442
4399,30605705
4400,36884620
4401,94165016
4402,62534687
4403,53978661
4404,79723501
4405,82091982
4406,36963821
4407,35526793
4408,46716965
4409,24832386
4410,45359468
4411,40624053
4412,62463712
4413,93042815
4414,29658984
4415,85538735
4416,44191267
4417,135255591
4418,27914573
4419,42457847
4420,404507730
4421,26086149
4422,60625346
4423,57724045
4424,30143277
4425,101093475
4426,155393211
4427,91481414
4428,34937066
4429,23312890
4430,35000102
4431,25299554
4432,101800317
4433,70981551
4434,78371950
4435,59423913
4436,88084468
4437,53599801
4438,35220743
4439,66044465
4440,54019187
4441,79578821
4442,27534324
4443,23152988
4444,31718484
4445,30006902
4446,45989983
4447,64345111
4448,99005299
4449,35588974
4450,68984080
4451,156044081
4452,63888886
4453,40056165
4454,23298319
4455,30429758
4456,55012957
4457,28365571
4458,29903372
4459,100535219
4460,75767244
4461,85886769
4462,101824846
4463,38833627
4464,66755187
4465,49772479
4466,27281238
4467,76747675
4468,42108964
4469,98613793
4470,56166015
4471,27809171
4472,78051816
4473,74729352
4474,77541977
4475,27189211
4476,22924294
4477,66960408
4478,28437510
4479,53923894
4480,103958403
4481,53695755
4482,71582320
4483,60257178
4484,33548974
4485,52734174
4486,81863964
4487,55834372
4488,58974451
4489,80074303
4490,25817762
4491,83461345
4492,34605827
4493,61626504
4494,53020991
4495,64613451
4496,59893545
4497,55956097
4498,60974177
4499,43651064
4500,121085802
4501,61500558
4502,49716056
4503,107922850
4504,45595210
4505,53872949
4506,86069290
4507,36721814
4508,24999015
4509,44437139
4510,33226801
4511,92278023
4512,22601003
4513,55477351
4514,51436845
4515,68357062
4516,53947164
4517,38994934
4518,69433939
4519,91341354
4520,41125691
4521,59156821
4522,87546740
4523,87594538
4524,35603750
4525,87677462
4526,42605013
4527,89621692
4528,54098288
4529,51752207
4530,58698288
4531,51062269
4532,59302744
4533,65246126
4534,38829044
4535,64619030
4536,50051794
4537,34087578
4538,60934301
4539,28005839
4540,76132115
4541,48432836
4542,114473812
4543,74058652
4544,44185521
4545,51811955
4546,34087106
4547,38198750
4548,84752078
4549,26324339
4550,57517634
4551,176794808
4552,103223970
4553,46860770
4554,152508772
4555,43638512
4556,61460918
4557,74240156
4558,70413411
4559,88350784
4560,92674553
4561,84585842
4562,41267608
4563,184044003
4564,26192584
4565,26329771
4566,61272755
4567,89811685
4568,50968727
4569,44185080
4570,76679889
4571,26528841
4572,54999896
4573,80022687
4574,25661583
4575,47128711
4576,63183008
4577,52995918
4578,62634630
4579,68679812
4580,75816967
4581,32794087
4582,58913938
4583,67405139
4584,89981355
4585,71924785
4586,67487119
4587,62102193
4588,90960229
4589,61066617
4590,787263290
4591,95450092
4592,35433839
4593,22882625
4594,57865259
4595,91927074
4596,82553723
4597,73368897
4598,73046661
4599,80366909
4600,38178201
4601,56045973
4602,86251702
4603,49753677
4604,54405890
4605,83929168
4606,86904113
4607,81046397
4608,60573772
4609,51686371
4610,99201170
4611,163775592
4612,75947894
4613,54511025
4614,82094331
4615,50413166
4616,27568448
4617,70088259
4618,29644250
4619,75491905
4620,32358138
4621,131953790
4622,89870159
4623,52662943
4624,26719259
4625,67522240
4626,71570396
4627,63819705
4628,80278244
4629,29777022
4630,83080671
4631,38835944
4632,51714109
4633,23825812
4634,27094694
4635,40007323
4636,75186688
4637,30272762
4638,66083449
4639,22743980
4640,75155684
4641,29515389
4642,52301439
4643,48135962
4644,40683639
4645,29683994
4646,188176578
4647,35091541
4648,37921853
4649,68535982
4650,89644616
4651,113413110
4652,214422280
4653,26682775
4654,81688919
4655,89022202
4656,64433650
4657,82109736
4658,89685981
4659,42972656
4660,76655686
4661,75380200
4662,51746497
4663,75346889
4664,51761939
4665,54429915
4666,80588651
4667,127373175
4668,27851711
4669,68167336
4670,90562908
4671,69141360
4672,35669114
4673,35631031
4674,33311523
4675,50017397
4676,46505574
4677,23725580
4678,43979645
4679,25784503
4680,44674931
4681,58486157
4682,36299083
4683,28065808
4684,45918673
4685,75642143
4686,38652689
4687,70571357
4688,66462823
4689,57654633
4690,69020977
4691,74542772
4692,63105558
4693,74192829
4694,52400229
4695,67228768
4696,79668624
4697,58879027
4698,38055642
4699,31894928
4700,70931282
4701,88083902
4702,74371513
4703,86903845
4704,84097396
4705,83034230
4706,67631789
4707,27878609
4708,52572327
4709,23920822
4710,78274811
4711,80693592
4712,36497456
4713,84585140
4714,29253960
4715,25505975
4716,48445609
4717,57370511
4718,71301973
4719,97781340
4720,68145162
4721,25805424
4722,79297755
4723,50170608
4724,73785053
4725,50633110
4726,39079247
4727,64113233
4728,82942445
4729,73770995
4730,27144359
4731,68158674
4732,143925995
4733,29531790
4734,106038064
4735,61585700
4736,55338507
4737,61841099
4738,32090049
4739,95827263
4740,99347387
4741,30478354
4742,75596762
4743,23117548
4744,32970122
4745,137145614
4746,70635079
4747,54159305
4748,70126216
4749,31974858
4750,92115919
4751,111933480
4752,71554834
4753,50638306
4754,122410769
4755,69494506
4756,67542736
4757,69440169
4758,104412872
4759,110885011
4760,22855281
4761,50651420
4762,36537326
4763,29739988
4764,104607647
4765,57452727
4766,97051615
4767,62169680
4768,71546093
4769,74648777
4770,59298512
4771,129719943
4772,64109705
4773,42274507
4774,52199335
4775,26996130
4776,28269984
4777,104798453
4778,80518332
4779,52967520
4780,132364629
4781,27052160
4782,50027816
4783,43145341
4784,45408620
4785,68073580
4786,101559642
4787,86664239
4788,151093981
4789,50199085
4790,94863019
4791,99027180
4792,45433180
4793,77793365
4794,37408679
4795,90188925
4796,35775203
4797,158984519
4798,81429262
4799,98399397
4800,66109808
4801,36580096
4802,52935058
4803,45093142
4804,53647616
4805,38547748
4806,61962425
4807,25765920
4808,54771730
4809,77860354
4810,24441509
4811,51843494
4812,64853004
4813,87151448
4814,32856818
4815,78473105
4816,90405795
4817,37689147
4818,42413562
4819,38638296
4820,49653848
4821,30135721
4822,26898488
4823,75613619
4824,81380572
4825,123853754
4826,68663951
4827,62626110
4828,57381842
4829,72255904
4830,100350574
4831,54344936
4832,26329441
4833,51448501
4834,87525677
4835,98047541
4836,60795630
4837,108436091
4838,68509151
4839,23743774
4840,99409190
4841,23901773
4842,76928262
4843,74950297
4844,31495284
4845,53121428
4846,31376202
4847,170339689
4848,61512802
4849,105160791
4850,60140450
4851,23161834
4852,74684479
4853,84310974
4854,87229191
4855,59908557
4856,58437426
4857,54321226
4858,50198608
4859,86688600
4860,95681592
4861,78350693
4862,145220289
4863,123172195
4864,57382240
4865,57460917
4866,59621388
4867,94140829
4868,55990708
4869,26914915
4870,57626146
4871,73664534
4872,30626652
4873,58027798
4874,78916620
4875,52690203
4876,50091570
4877,66151519
4878,100994816
4879,63748500
4880,37279121
4881,39059841
4882,38132799
4883,80351368
4884,72491871
4885,81403114
4886,66326055
4887,39462480
4888,74791910
4889,41629248
4890,86829080
4891,36224748
4892,30921801
4893,98316279
4894,40052180
4895,53703353
4896,126858518
4897,27651000
4898,82873595
4899,986449546
4900,73603632
4901,74925758
4902,64311344
4903,57965932
4904,89249612
4905,76302094
4906,26632602
4907,144522140
4908,60918854
4909,76890830
4910,79042524
4911,54202374
4912,86208030
4913,58348204
4914,79049361
4915,80533632
4916,67123345
4917,47803994
4918,84248966
4919,65910219
4920,74628710
4921,78827441
4922,66828411
4923,60892852
4924,83461020
4925,80721114
4926,35205175
4927,79222424
4928,62797626
4929,99893095
4930,69915050
4931,49134603
4932,40983397
4933,74355148
4934,25796133
4935,194282279
4936,57084475
4937,37114589
4938,79028985
4939,40882451
4940,58930223
4941,27526035
4942,43786500
4943,94640663
4944,76493923
4945,50992454
4946,60518418
4947,25380344
4948,51225726
4949,82760097
4950,70695457
4951,53553481
4952,55778609
4953,72667125
4954,61363130
4955,45267573
4956,71867842
4957,76249959
4958,43524002
4959,46306740
4960,40031191
4961,71720383
4962,46726760
4963,25470635
4964,93227702
4965,23598596
4966,29196456
4967,71134840
4968,46711177
4969,22362147
4970,30274565
4971,65845820
4972,93156565
4973,91735985
4974,71485496
4975,55968670
4976,43290546
4977,67049272
4978,28998110
4979,79639025
4980,80154427
4981,71114161
4982,96957471
4983,39697498
4984,78374157
4985,126089940
4986,40607143
4987,42567879
4988,27466580
4989,52474024
4990,34103492
4991,64622469
4992,104468682
4993,72119251
4994,80559293
4995,31455078
4996,65002094
4997,85099157
4998,67404961
4999,71598165
5000,69056816
5001,104597459
5002,126341894
5003,73597251
5004,53069655
5005,67228239
5006,100420227
5007,56787155
5008,97068966
5009,74316127
5010,41075837
5011,36885826
5012,55715468
5013,94299100
5014,74286261
5015,86520681
5016,79251016
5017,68854070
5018,84439159
5019,71558205
5020,98725219
5021,26122496
5022,77223747
5023,61093678
5024,84850706
5025,33239752
5026,69644345
5027,54146097
5028,105994733
5029,61021467
5030,66341140
5031,26671156
5032,62419941
5033,32002270
5034,27400975
5035,22682454
5036,89969322
5037,91689592
5038,99730745
5039,51162826
5040,82671578
5041,82126032
5042,60398151
5043,63648126
5044,60395624
5045,89505415
5046,43349319
5047,36915121
5048,25377481
5049,75362881
5050,32839138
5051,79732026
5052,82889618
5053,47000857
5054,49552950
5055,72034335
5056,51321784
5057,67315163
5058,31416628
5059,58298639
5060,96761621
5061,89949927
5062,29092800
5063,22551988
5064,61690609
5065,54281754
5066,48432983
5067,79310806
5068,85573420
5069,78615137
5070,87023357
5071,84285728
5072,79971475
5073,45614988
5074,52029754
5075,35419141
5076,62715997
5077,63804043
5078,45647444
5079,39270389
5080,76033602
5081,56870079
5082,48177253
5083,28594837
5084,40089167
5085,25164213
5086,29820144
5087,35978462
5088,47925761
5089,61051606
5090,47293909
5091,61139982
5092,69333917
5093,56618612
5094,93273571
5095,58962984
5096,54537756
5097,25027224
5098,45672691
5099,45344976
5100,63959498
5101,24912704
5102,55741255
5103,39754367
5104,51047221
5105,62540265
5106,48554844
5107,84134131
5108,48232996
5109,25786737
5110,71019135
5111,84401087
5112,66495945
5113,23974388
5114,55955032
5115,45327201
5116,34469641
5117,136435254
5118,48199139
5119,22434846
5120,26884860
5121,70833640
5122,73015043
5123,71743275
5124,36446920
5125,48983295
5126,65482077
5127,94114266
5128,22687005
5129,25780098
5130,45281442
5131,66198588
5132,62832415
5133,110321302
5134,77012098
5135,99314820
5136,59648711
5137,62846111
5138,34160576
5139,97460373
5140,133420439
5141,51273870
5142,92750828
5143,83432863
5144,80352988
5145,53607514
5146,37226483
5147,41003647
5148,66101004
5149,47691948
5150,111454739
5151,104046251
5152,65497036
5153,53287632
5154,61099886
5155,24063662
5156,171577459
5157,100930322
5158,28023808
5159,73508397
5160,71956471
5161,71821611
5162,73840863
5163,27354424
5164,29774595
5165,95361705
5166,76690329
5167,31784251
5168,66966820
5169,46129556
5170,97771425
5171,59452190
5172,52460670
5173,65493371
5174,70324572
5175,27406502
5176,51188209
5177,527141136
5178,190048319
5179,29573171
5180,51249961
5181,23866684
5182,51999909
5183,34069085
5184,76117507
5185,42106138
5186,68572622
5187,29830914
5188,44463235
5189,85371199
5190,65300505
5191,102891488
5192,77597289
5193,82495139
5194,66752734
5195,116336764
5196,93261097
5197,110379566
5198,64670042
5199,51603007
5200,35608380
5201,74201234
5202,37315520
5203,41121386
5204,30985702
5205,31118842
5206,61267470
5207,45263184
5208,85769700
5209,74899357
5210,50819260
5211,54235769
5212,74177943
5213,89304295
5214,22374480
5215,57322424
5216,117815630
5217,45686780
5218,58926265
5219,85277143
5220,85173361
5221,28808179
5222,44840391
5223,140297350
5224,23739663
5225,28342993
5226,73543375
5227,36112440
5228,57406852
5229,64644858
5230,48137876
5231,63620346
5232,27471514
5233,28573832
5234,73769160
5235,54588727
5236,78660513
5237,84235685
5238,79458055
5239,65927134
5240,85938688
5241,87431627
5242,110980382
5243,26388056
5244,70399474
5245,77215908
5246,75164860
5247,91807604
5248,45227068
5249,62959766
5250,67990451
5251,64297727
5252,22466978
5253,29740953
5254,33260689
5255,88781201
5256,97770984
5257,59141463
5258,56796567
5259,77507298
5260,52583910
5261,77931979
5262,34115184
5263,84452388
5264,46898365
5265,106115126
5266,62435288
5267,46535472
5268,51530203
5269,76342342
5270,115319478
5271,88561347
5272,94092679
5273,28418886
5274,52140106
5275,53410322
5276,71309177
5277,33323074
5278,47703819
5279,41543294
5280,28825561
5281,29361444
5282,70528917
5283,42917648
5284,51473548
5285,78876042
5286,59939367
5287,43257801
5288,32039105
5289,203020606
5290,87181822
5291,138813141
5292,241129912
5293,82374804
5294,29535209
5295,149492227
5296,28582395
5297,63996637
5298,105359499
5299,36508115
5300,43455801
5301,46898302
5302,88374326
5303,40541496
5304,66794230
5305,26966494
5306,106048577
5307,90913893
5308,23456197
5309,33183339
5310,87368345
5311,40319025
5312,80448606
5313,159102017
5314,97068457
5315,40854987
5316,59950708
5317,72021064
5318,42349577
5319,105257500
5320,57406679
5321,67554748
5322,24479204
5323,119085557
5324,66906060
5325,49079390
5326,78311530
5327,92219481
5328,69551354
5329,30903245
5330,83406882
5331,39301304
5332,28642122
5333,53447985
5334,58277031
5335,45929480
5336,61538761
5337,34293789
5338,74430223
5339,81941959
5340,66401910
5341,70116023
5342,63835859
5343,82819819
5344,100085789
5345,26214674
5346,202446804
5347,42991611
5348,67048753
5349,34563639
5350,27094049
5351,75907484
5352,37243214
5353,46741662
5354,89464123
5355,55525595
5356,59816856
5357,31051108
5358,201389353
5359,97525810
5360,72956580
5361,60647269
5362,29645964
5363,59820746
5364,29031049
5365,74985763
5366,49645349
5367,83684628
5368,41088888
5369,212488191
5370,50539432
5371,76158971
5372,130674000
5373,92666085
5374,107422722
5375,74332581
5376,72365631
5377,32257245
5378,27500678
5379,79046587
5380,88383366
5381,65705544
5382,82197840
5383,25675205
5384,111857991
5385,100840388
5386,92696559
5387,36463117
5388,105968516
5389,57380410
5390,97860153
5391,65983249
5392,25325121
5393,54427912
5394,81392139
5395,81834171
5396,237584054
5397,27367806
5398,36446847
5399,24416598
5400,51491171
5401,112361233
5402,83351821
5403,117822173
5404,26962378
5405,149857590
5406,27331925
5407,83395498
5408,120671073
5409,71501378
5410,36302539
5411,48230704
5412,25098456
5413,52492916
5414,74787249
5415,62458757
5416,53114869
5417,68521436
5418,40580664
5419,28298063
5420,87879568
5421,92026614
5422,87875132
5423,83285765
5424,74261103
5425,55383018
5426,42357652
5427,33944880
5428,54619447
5429,80894769
5430,91965828
5431,74896447
5432,78030696
5433,81727888
5434,70572437
5435,62359081
5436,67184782
5437,73290089
5438,65764443
5439,34489503
5440,66391151
5441,72272121
5442,69650774
5443,60959474
5444,69207395
5445,70515892
5446,60337763
5447,79393871
5448,32292658
5449,64602618
5450,60355895
5451,66610523
5452,28764665
5453,73417099
5454,91862450
5455,40776729
5456,30892423
5457,52271111
5458,54791005
5459,46463805
5460,28346412
5461,24425197
5462,28194569
5463,237597446
5464,42705035
5465,55622524
5466,99415126
5467,107394507
5468,63891088
5469,35424862
5470,70292300
5471,85074204
5472,69559985
5473,57209162
5474,57958292
5475,42814747
5476,33712871
5477,48192202
5478,115602960
5479,69910509
5480,53825691
5481,72302889
5482,70748488
5483,71836917
5484,69747042
5485,51723804
5486,88782837
5487,104403722
5488,75666504
5489,43438535
5490,30324771
5491,141296457
5492,62595898
5493,80696502
5494,24455409
5495,51796325
5496,97204989
5497,56718388
5498,41824642
5499,76485533
5500,74653590
5501,66018432
5502,69728328
5503,34435690
5504,101165928
5505,48306193
5506,146285106
5507,88237401
5508,84985308
5509,81955350
5510,78120651
5511,49121982
5512,91814038
5513,26318194
5514,50772447
5515,28337519
5516,25790638
5517,74377511
5518,64178188
5519,104175788
5520,23447943
5521,60221675
5522,25046242
5523,109135399
5524,141173375
5525,62972429
5526,54546989
5527,23618557
5528,68393367
5529,30394984
5530,99957893
5531,34934854
5532,55397075
5533,72521501
5534,94860539
5535,37735404
5536,30542171
5537,78389630
5538,73717780
5539,96238091
5540,92562686
5541,100645681
5542,31341103
5543,64992782
5544,88560901
5545,25678398
5546,62429499
5547,57012515
5548,44350157
5549,64964698
5550,52557106
5551,70560314
5552,71648365
5553,81448563
5554,73664859
5555,70242692
5556,55157385
5557,59821596
5558,155054893
5559,42814611
5560,39327641
5561,50856650
5562,62441711
5563,26058422
5564,41552533
5565,81625951
5566,35576060
5567,63714659
5568,83225288
5569,93043796
5570,60530536
5571,103279754
5572,28182399
5573,65895097
5574,55275849
5575,34538639
5576,64266670
5577,58813726
5578,58810318
5579,38577462
5580,34982532
5581,54266747
5582,53679348
5583,92677951
5584,73715489
5585,40155579
5586,28313966
5587,59500167
5588,117157645
5589,62723553
5590,29455557
5591,107363608
5592,28027374
5593,69567194
5594,40175593
5595,63535918
5596,74002904
5597,33244833
5598,23948968
5599,69847248
5600,38723354
5601,61320134
5602,63275039
5603,33083667
5604,64495774
5605,70717206
5606,73140397
5607,66830566
5608,66766073
5609,61711079
5610,72940630
5611,64320619
5612,107646278
5613,86425524
5614,54055880
5615,86518442
5616,71769099
5617,77560229
5618,59510386
5619,91067697
5620,75089309
5621,84427419
5622,91326662
5623,52532609
5624,108904654
5625,27972990
5626,48673590
5627,102253533
5628,58892618
5629,113164050
5630,81703275
5631,86532893
5632,114873603
5633,65179970
5634,95825722
5635,81216324
5636,34376220
5637,56877933
5638,74989847
5639,77242450
5640,37794030
5641,77011616
5642,63964191
5643,56889710
5644,134370657
5645,84272231
5646,46615396
5647,31991647
5648,63544103
5649,43188903
5650,83512945
5651,57983455
5652,40672161
5653,72762874
5654,81905863
5655,98204480
5656,152925662
5657,33974133
5658,62479626
5659,68137108
5660,72585370
5661,58530527
5662,127383174
5663,57857189
5664,69908265
5665,83052892
5666,37644772
5667,90345837
5668,48849280
5669,47413064
5670,134890616
5671,58951050
5672,29246074
5673,125180551
5674,69895539
5675,25947566
5676,23548050
5677,92469375
5678,71576500
5679,31327171
5680,66155446
5681,724058100
5682,37357001
5683,229675936
5684,61565015
5685,90791843
5686,23997097
5687,72582377
5688,56989187
5689,59341041
5690,40565222
5691,117743748
5692,123708712
5693,75651240
5694,57265350
5695,54377241
5696,60994269
5697,23474779
5698,27360344
5699,27080862
5700,71096459
5701,73204418
5702,62733782
5703,76514408
5704,119572252
5705,46064355
5706,25938972
5707,47960036
5708,69162548
5709,41593116
5710,53066032
5711,73615346
5712,75156046
5713,45981384
5714,54790507
5715,24819881
5716,35328646
5717,43168790
5718,45962414
5719,64212328
5720,52805877
5721,82280596
5722,47635404
5723,38127796
5724,38354053
5725,26106624
5726,74354923
5727,80406250
5728,75792329
5729,91821074
5730,52362755
5731,27277546
5732,39766212
5733,27136521
5734,53816043
5735,56321329
5736,90564365
5737,56830229
5738,123519678
5739,54989021
5740,54180216
5741,56947088
5742,65409021
5743,65645277
5744,26697929
5745,42046715
5746,55447191
5747,32411253
5748,67285900
5749,83213113
5750,63567929
5751,58318952
5752,30439495
5753,108479176
5754,49980945
5755,65577999
5756,46579065
5757,48955448
5758,23772781
5759,66279640
5760,49405832
5761,36836334
5762,48883084
5763,82255129
5764,51283376
5765,59305507
5766,62937456
5767,63266744
5768,58147279
5769,175091390
5770,41342216
5771,67423628
5772,44934147
5773,126846830
5774,57820234
5775,72840271
5776,95071862
5777,102688150
5778,105119819
5779,81574262
5780,31335519
5781,66268734
5782,109606117
5783,110602215
5784,28175315
5785,59672731
5786,37783271
5787,97129637
5788,47635750
5789,61146568
5790,71836765
5791,81759138
5792,36932340
5793,52645231
5794,83347705
5795,63080510
5796,67573431
5797,69410486
5798,34585257
5799,119433082
5800,24035672
5801,39755243
5802,33648813
5803,24521465
5804,102901713
5805,79714598
5806,70678715
5807,81123506
5808,82489911
5809,38797264
5810,22377862
5811,49831043
5812,108170504
5813,77805079
5814,41011569
5815,26339246
5816,43437722
5817,45375738
5818,62848523
5819,62859230
5820,71520516
5821,26762559
5822,22929679
5823,67852629
5824,61602264
5825,72406687
5826,48724525
5827,38971554
5828,107798173
5829,59725133
5830,100491421
5831,83639294
5832,75126647
5833,48752325
5834,110248655
5835,22782356
5836,72289110
5837,81314925
5838,26454165
5839,98059207
5840,34096303
5841,60411852
5842,71477169
5843,54692152
5844,53282127
5845,33593207
5846,42596901
5847,78925350
5848,65035741
5849,27186925
5850,61181625
5851,35157985
5852,46555894
5853,57628217
5854,64927602
5855,91070890
5856,58334042
5857,175238446
5858,34620634
5859,93391169
5860,91247078
5861,42270827
5862,53219427
5863,59818035
5864,119701847
5865,53399825
5866,54288324
5867,72668740
5868,60833235
5869,63066532
5870,28458531
5871,106957016
5872,98421282
5873,72655485
5874,42779517
5875,64701801
5876,79660549
5877,34210016
5878,73064137
5879,71068512
5880,105245267
5881,78904791
5882,75935740
5883,53168209
5884,103363952
5885,40105804
5886,68730191
5887,51267683
5888,36753951
5889,28946075
5890,117496157
5891,52099354
5892,51525437
5893,68550249
5894,66335215
5895,52950374
5896,92476763
5897,27545928
5898,72488405
5899,33280267
5900,58068183
5901,23123285
5902,60193156
5903,110807451
5904,55629341
5905,52562108
5906,75067795
5907,42419224
5908,89889738
5909,43120572
5910,205091899
5911,40087557
5912,72395938
5913,60392006
5914,58475277
5915,71922347
5916,70111194
5917,95897163
5918,75941759
5919,96817615
5920,35752253
5921,43748995
5922,55596182
5923,61185369
5924,32920662
5925,119142112
5926,45393472
5927,27701761
5928,56315608
5929,31440313
5930,97228763
5931,73292459
5932,28756338
5933,49141178
5934,236262244
5935,87025098
5936,63403366
5937,44329619
5938,57052459
5939,62558958
5940,83194777
5941,31239245
5942,70236054
5943,67160647
5944,58837122
5945,75241760
5946,37939717
5947,24933033
5948,94777190
5949,59300421
5950,71129387
5951,66244536
5952,45487700
5953,119128873
5954,64950935
5955,52681001
5956,56468300
5957,71610057
5958,87471634
5959,37906935
5960,51546751
5961,56850169
5962,26403351
5963,74530014
5964,78968157
5965,54049022
5966,76017615
5967,184573552
5968,56953605
5969,66662480
5970,52344681
5971,35595382
5972,37371776
5973,89219028
5974,31552699
5975,64146901
5976,45584697
5977,37913594
5978,1143643222
5979,41834075
5980,88925137
5981,46607914
5982,96357855
5983,33422059
5984,57841124
5985,74968884
5986,23749233
5987,29204263
5988,74241850
5989,25738209
5990,90866478
5991,48896591
5992,57288567
5993,101109598
5994,35423032
5995,48760269
5996,57963876
5997,47663577
5998,212494211
5999,27029383
6000,56596186
6001,64318286
6002,30127552
6003,125027109
6004,90844964
6005,30740973
6006,66723371
6007,55080276
6008,54869378
6009,66259616
6010,63312970
6011,67903107
6012,56502707
6013,76398562
6014,60008501
6015,82190347
6016,51694037
6017,33220032
6018,99876747
6019,31052178
6020,44051138
6021,62144575
6022,26069721
6023,188944118
6024,35169033
6025,76015586
6026,83297217
6027,53155531
6028,69110848
6029,35895323
6030,99186373
6031,81928929
6032,28564704
6033,96258126
6034,31285098
6035,80746901
6036,27858716
6037,45525232
6038,22600830
6039,39315975
6040,77176389
6041,125155939
6042,22390855
6043,82003343
6044,40706830
6045,65277214
6046,24135905
6047,89996886
6048,59327996
6049,37346199
6050,25239219
6051,25670738
6052,55915005
6053,26686252
6054,47088814
6055,47020079
6056,72003818
6057,28060973
6058,42779632
6059,64452311
6060,60748460
6061,98143211
6062,55892191
6063,66709764
6064,47424191
6065,208644274
6066,66561639
6067,104814949
6068,22801919
6069,85520158
6070,104601638
6071,51353412
6072,94156202
6073,85240214
6074,31721257
6075,69113350
6076,90172833
6077,53988880
6078,58062326
6079,166757725
6080,28181324
6081,24182245
6082,47485769
6083,111345436
6084,61530907
6085,49691365
6086,44179024
6087,82209748
6088,70596001
6089,57752301
6090,103216346
6091,35842821
6092,25000793
6093,67375803
6094,82983616
6095,126928501
6096,54174286
6097,75267683
6098,43911261
6099,57563498
6100,80313914
6101,82477537
6102,67508916
6103,101686594
6104,23629112
6105,32295783
6106,30762927
6107,25296859
6108,42458801
6109,115228600
6110,59913968
6111,24824217
6112,27828787
6113,40707407
6114,74966540
6115,74527566
6116,24838075
6117,76825078
6118,61973012
6119,57446744
6120,62078393
6121,26295479
6122,59707400
6123,23843361
6124,39171247
6125,45377720
6126,55085441
6127,66958730
6128,56859906
6129,50664612
6130,30562258
6131,67237268
6132,23305287
6133,70990989
6134,82239090
6135,63428177
6136,153385395
6137,84917191
6138,48965725
6139,187179636
6140,80313982
6141,65521911
6142,43580079
6143,63169427
6144,75063464
6145,99137710
6146,66050573
6147,85099498
6148,40813983
6149,73371330
6150,93128125
6151,57755762
6152,992744302
6153,36757401
6154,26247046
6155,76400743
6156,30069885
6157,76580564
6158,62242610
6159,70711077
6160,88946315
6161,49637589
6162,54066424
6163,40836074
6164,80218532
6165,88480347
6166,52411214
6167,79393903
6168,63679313
6169,70924167
6170,34338132
6171,45337541
6172,46221729
6173,66796149
6174,80065211
6175,58259476
6176,94041089
6177,75367123
6178,33240124
6179,120851602
6180,84990877
6181,53144205
6182,148107045
6183,59171597
6184,191256888
6185,54477494
6186,86380584
6187,62802832
6188,56035282
6189,68147086
6190,155015196
6191,63192551
6192,100657148
6193,41573438
6194,26744243
6195,27823847
6196,86582259
6197,25672279
6198,66623406
6199,222579485
6200,25155152
6201,28370736
6202,74402863
6203,176574728
6204,55637657
6205,29874811
6206,54532518
6207,73065306
6208,73779862
6209,27899404
6210,22731018
6211,114231112
6212,56462554
6213,30542412
6214,85707891
6215,58778265
6216,55280846
6217,42528092
6218,37046855
6219,56570001
6220,31943031
6221,59740418
6222,47404491
6223,82366100
6224,86015719
6225,84349487
6226,55750436
6227,54266081
6228,25681177
6229,28008010
6230,33687902
6231,60584112
6232,40962381
6233,85248174
6234,61444098
6235,63715912
6236,94626522
6237,56401904
6238,62264921
6239,111752557
6240,124752284
6241,28113244
6242,33344278
6243,51377642
6244,56436363
6245,50230273
6246,28139299
6247,109906829
6248,67746530
6249,63104488
6250,52847688
6251,76863092
6252,42040790
6253,41116730
6254,81090001
6255,40196037
6256,44756130
6257,60749100
6258,34981472
6259,27136762
6260,58974210
6261,56704708
6262,45934042
6263,123242713
6264,38761242
6265,55533476
6266,53553969
6267,75999851
6268,25681922
6269,97839279
6270,76051634
6271,106957902
6272,29988104
6273,41697459
6274,83517307
6275,62828640
6276,53682363
6277,63201984
6278,22510125
6279,53246467
6280,68495104
6281,55766397
6282,107459839
6283,54416283
6284,61452786
6285,79345921
6286,44477115
6287,55820897
6288,71479718
6289,91958267
6290,24532597
6291,85678308
6292,72919672
6293,197301709
6294,58749983
6295,67931951
6296,39471629
6297,55254382
6298,41584596
6299,26010476
6300,97581264
6301,64460140
6302,50323180
6303,67236827
6304,53245172
6305,72371630
6306,102134519
6307,34168856
6308,37313596
6309,46105405
6310,65014448
6311,24577155
6312,30052540
6313,52442213
6314,70960168
6315,63812096
6316,68333761
6317,100596058
6318,63673336
6319,74858176
6320,46353312
6321,32317785
6322,66612217
6323,78787214
6324,34067732
6325,33087139
6326,67790653
6327,56919377
6328,49331680
6329,49139888
6330,48397103
6331,76985546
6332,48333527
6333,57003894
6334,26900375
6335,82286537
6336,97017214
6337,71562830
6338,27373746
6339,105834495
6340,29984387
6341,49482852
6342,62686052
6343,80953846
6344,65175906
6345,39499597
6346,86266131
6347,93578263
6348,76840142
6349,62788266
6350,44877619
6351,82561966
6352,89499679
6353,40213010
6354,26677480
6355,22683115
6356,60072491
6357,23938869
6358,49249721
6359,46864954
6360,48351286
6361,109598976
6362,53185098
6363,59634921
6364,73498608
6365,69140321
6366,55273332
6367,55684816
6368,64301282
6369,89450066
6370,55014032
6371,26519476
6372,76990134
6373,46977844
6374,35942162
6375,40150656
6376,59706965
6377,64968442
6378,24073131
6379,107354930
6380,54267224
6381,2893031553
6382,63734002
6383,60682410
6384,63036870
6385,62556719
6386,98224205
6387,50554077
6388,35633637
6389,30359314
6390,93319791
6391,52060506
6392,39940612
6393,117638912
6394,110044247
6395,33092712
6396,27152571
6397,52491485
6398,92661187
6399,49554833
6400,103190612
6401,33600433
6402,64240008
6403,26842897
6404,88895764
6405,45816344
6406,50446813
6407,58663614
6408,56869129
6409,74830695
6410,56473082
6411,27217069
6412,61753965
6413,37875108
6414,160879345
6415,34675968
6416,55502792
6417,75493661
6418,59057433
6419,69082555
6420,93046800
6421,81414156
6422,27404551
6423,78076166
6424,99878388
6425,97238625
6426,48669821
6427,42683516
6428,22926118
6429,51448438
6430,90317072
6431,62632292
6432,75503849
6433,74028041
6434,57226407
6435,101568068
6436,68830187
6437,75517298
6438,77013409
6439,48855761
6440,82402567
6441,61333169
6442,32224253
6443,99195948
6444,25765354
6445,112340360
6446,100856491
6447,71062854
6448,48877489
6449,67053603
6450,22353249
6451,59832313
6452,49002942
6453,71087304
6454,66673517
6455,35860989
6456,51139147
6457,92238237
6458,36786449
6459,88363745
6460,62925758
6461,95673994
6462,118153360
6463,25630364
6464,52548884
6465,82697868
6466,58412095
6467,66780004
6468,46326413
6469,39842278
6470,50750960
6471,30581182
6472,61092687
6473,57978322
6474,36871774
6475,37319904
6476,109714597
6477,61805056
6478,59397470
6479,123366152
6480,77489538
6481,49049026
6482,31915042
6483,45773930
6484,75856046
6485,60801245
6486,27083757
6487,83264514
6488,61671843
6489,24184689
6490,25332672
6491,68613353
6492,49849216
6493,97439494
6494,64253095
6495,59762351
6496,29797277
6497,115021314
6498,46881272
6499,75705845
6500,26477723
6501,50910526
6502,80772489
6503,76896561
6504,46253226
6505,50395239
6506,41052871
6507,68082021
6508,83153045
6509,42665767
6510,33505910
6511,76769425
6512,58882215
6513,78161061
6514,48008349
6515,289255994
6516,62118840
6517,57563928
6518,57063805
6519,83954950
6520,36239959
6521,92284289
6522,82479734
6523,91451606
6524,59971766
6525,95775113
6526,122672476
6527,23888066
6528,29866401
6529,63456093
6530,63410554
6531,46863926
6532,67276950
6533,47465592
6534,89828118
6535,48851975
6536,73928244
6537,55876639
6538,64550630
6539,425763352
6540,75347288
6541,87209906
6542,99608826
6543,25213432
6544,81199105
6545,44351625
6546,135462772
6547,26362631
6548,93316614
6549,74033431
6550,70513800
6551,64360836
6552,29054313
6553,22930775
6554,57816228
6555,80642432
6556,69618606
6557,92159067
6558,95709172
6559,81295703
6560,127456613
6561,39531267
6562,62908465
6563,54173593
6564,45871326
6565,58211599
6566,67465768
6567,65392552
6568,69103576
6569,36010918
6570,81694639
6571,58762137
6572,22367134
6573,88142323
6574,60568057
6575,32958005
6576,79177740
6577,47175912
6578,52603803
6579,54397847
6580,27386215
6581,88481448
6582,30845143
6583,23276061
6584,26212136
6585,51525578
6586,55922492
6587,86613714
6588,47372218
6589,65329548
6590,70945109
6591,81372471
6592,89916479
6593,91745203
6594,99072786
6595,23445243
6596,64630654
6597,35118398
6598,57893903
6599,26881803
6600,92516675
6601,203042775
6602,163304014
6603,53168582
6604,65784698
6605,78430958
6606,29691493
6607,55531846
6608,23074768
6609,28915196
6610,58178503
6611,39688280
6612,176108158
6613,86099576
6614,70398918
6615,28359698
6616,75242981
6617,66053316
6618,64568940
6619,36242654
6620,62451097
6621,85733751
6622,100778118
6623,129761229
6624,67990970
6625,97270049
6626,83006650
6627,85358400
6628,31492930
6629,53491909
6630,54523913
6631,58007087
6632,28724285
6633,33181304
6634,37573027
6635,39559655
6636,93507142
6637,63649091
6638,28167555
6639,32627851
6640,81924399
6641,75121382
6642,104325853
6643,24728709
6644,35197059
6645,89456332
6646,86426788
6647,35412042
6648,60428840
6649,38094690
6650,72539654
6651,55250544
6652,24684513
6653,65696630
6654,62668120
6655,85372819
6656,53873579
6657,76577759
6658,43854397
6659,41533552
6660,35456930
6661,32002758
6662,77950414
6663,98987267
6664,45256840
6665,26556400
6666,55167951
6667,119217685
6668,52250825
6669,59848741
6670,39534707
6671,52288787
6672,62684112
6673,79289051
6674,139143180
6675,100012419
6676,51005221
6677,36664813
6678,42293195
6679,103187733
6680,90472543
6681,417622087
6682,76122178
6683,119597210
6684,41777520
6685,63862359
6686,78997772
6687,76169898
6688,48479990
6689,108966421
6690,116666053
6691,29941779
6692,89093161
6693,60816996
6694,64358969
6695,79478520
6696,89530641
6697,38151129
6698,35582252
6699,60349372
6700,84896145
6701,79980363
6702,80116014
6703,40070689
6704,37067546
6705,72914407
6706,67927415
6707,56873460
6708,87523297
6709,30436522
6710,91597890
6711,69679502
6712,62203327
6713,58884716
6714,26984358
6715,37163221
6716,51187622
6717,90116404
6718,74087349
6719,53656629
6720,24707127
6721,61578176
6722,31832983
6723,66141210
6724,77058513
6725,30101838
6726,71772659
6727,75614715
6728,50655352
6729,44699884
6730,82379072
6731,36934653
6732,38814032
6733,145174582
6734,49292145
6735,97265728
6736,37033904
6737,35367882
6738,45063118
6739,76515997
6740,23081060
6741,25211225
6742,48890283
6743,76921818
6744,67985716
6745,44331527
6746,77668678
6747,64398955
6748,24095934
6749,49300791
6750,25412601
6751,26378634
6752,79608016
6753,32883900
6754,62014702
6755,50259997
6756,87671118
6757,123157886
6758,45470900
6759,63186033
6760,58979516
6761,68084575
6762,26592364
6763,91459770
6764,29752552
6765,68817078
6766,26696555
6767,56744678
6768,92254900
6769,61833014
6770,54088137
6771,40130904
6772,79674176
6773,59613135
6774,127042948
6775,120376264
6776,31843307
6777,96452309
6778,63562496
6779,85804028
6780,81143986
6781,62811620
6782,81988069
6783,80155098
6784,24845778
6785,72344401
6786,31912520
6787,70627765
6788,26905220
6789,36880226
6790,80830784
6791,68932055
6792,92730007
6793,63938781
6794,65593289
6795,35387015
6796,111311223
6797,83377466
6798,72113850
6799,43750851
6800,70035904
6801,486708830
6802,81461813
6803,84645905
6804,22368927
6805,55081980
6806,45494427
6807,70365245
6808,31956899
6809,106379528
6810,72063933
6811,86147233
6812,79605457
6813,87624121
6814,53840823
6815,83615526
6816,59259564
6817,23962669
6818,22409720
6819,107767316
6820,83301217
6821,71270869
6822,48487488
6823,95773608
6824,74311361
6825,50995448
6826,35477065
6827,53973318
6828,22364575
6829,25469078
6830,78203774
6831,71008444
6832,66085594
6833,57559953
6834,53713703
6835,92577084
6836,57192383
6837,69039298
6838,53473583
6839,42944248
6840,57337294
6841,55947414
6842,69281305
6843,56840800
6844,42266753
6845,84194504
6846,81934130
6847,23684519
6848,49638768
6849,57782110
6850,94705214
6851,125548095
6852,50329959
6853,68487071
6854,75301471
6855,75606105
6856,37353440
6857,63350733
6858,29968919
6859,69210027
6860,48364447
6861,47607373
6862,67851853
6863,105095495
6864,34558044
6865,31908351
6866,87001954
6867,74967411
6868,188664023
6869,70958391
6870,26510882
6871,89906339
6872,29668112
6873,54671100
6874,82964997
6875,52003070
6876,53575116
6877,32930713
6878,26018105
6879,84347038
6880,24093853
6881,24925487
6882,55937923
6883,78583226
6884,99766049
6885,28357402
6886,46287943
6887,85379961
6888,92053660
6889,28860340
6890,68172370
6891,77903623
6892,70993285
6893,91653575
6894,61020397
6895,33057367
6896,30559411
6897,24914094
6898,63675811
6899,48021463
6900,59980008
6901,64131166
6902,45057031
6903,42446537
6904,124443177
6905,76249529
6906,69468163
6907,68325151
6908,61141304
6909,39926638
6910,36176582
6911,60635392
6912,61560778
6913,91074429
6914,195739704
6915,54299230
6916,57029839
6917,172900078
6918,96931516
6919,27128918
6920,88974131
6921,70279653
6922,60939623
6923,35535387
6924,25995947
6925,49230950
6926,60987794
6927,40378396
6928,60826613
6929,94699069
6930,80728313
6931,57124827
6932,34564153
6933,37201928
6934,71799007
6935,29174428
6936,50381476
6937,68256463
6938,37763650
6939,89754475
6940,162965115
6941,69085701
6942,66934484
6943,41774206
6944,67628706
6945,35323980
6946,76382071
6947,49961912
6948,66420367
6949,83274817
6950,102930934
6951,23411471
6952,56458999
6953,73195279
6954,29528424
6955,67584426
6956,54768501
6957,47352797
6958,33645201
6959,39304392
6960,57642154
6961,83804628
6962,94673135
6963,53153942
6964,103096929
6965,62333913
6966,95609412
6967,62559881
6968,37776847
6969,47136094
6970,68515852
6971,73097029
6972,28858652
6973,56553657
6974,77103490
6975,69641802
6976,64188208
6977,34826138
6978,57946085
6979,92340624
6980,47443822
6981,43288281
6982,33673158
6983,27900726
6984,74391553
6985,95993106
6986,56308430
6987,29648686
6988,60825139
6989,28517356
6990,72129475
6991,43128552
6992,31650634
6993,34366153
6994,29409038
6995,49808549
6996,84158303
6997,27269309
6998,45735003
6999,87012168
7000,27197354
7001,48631224
7002,32060115
7003,76996237
7004,27110398
7005,36977947
7006,28433971
7007,79158240
7008,86111043
7009,51063181
7010,48747978
7011,39633712
7012,51400293
7013,48505200
7014,29403637
7015,69975999
7016,66181726
7017,32391732
7018,52874570
7019,61713124
7020,57368471
7021,112439040
7022,58483504
7023,70590537
7024,68138760
7025,51032754
7026,117710065
7027,50673138
7028,43854785
7029,86496431
7030,80851553
7031,75798317
7032,42347637
7033,37632844
7034,24127007
7035,48831269
7036,46082775
7037,53081343
7038,25639325
7039,56299380
7040,59897378
7041,64232489
7042,54925277
7043,52573533
7044,53696306
7045,55116188
7046,100797990
7047,111344597
7048,63739759
7049,68726515
7050,23483981
7051,56040961
7052,69597045
7053,32675471
7054,72527589
7055,96842316
7056,105466191
7057,57004975
7058,37054841
7059,54672856
7060,74881483
7061,68500982
7062,69761692
7063,41617907
7064,108217700
7065,69174854
7066,44154721
7067,28002929
7068,66936681
7069,40843782
7070,57329958
7071,84622048
7072,28297622
7073,37062701
7074,44489898
7075,51808279
7076,57563718
7077,87842791
7078,92109344
7079,43473644
7080,29870034
7081,48678005
7082,32293445
7083,42108660
7084,59877464
7085,53458944
7086,26052523
7087,78323123
7088,73040233
7089,37878668
7090,42883986
7091,44402659
7092,199022933
7093,63490442
7094,72178338
7095,76174984
7096,121175238
7097,81341682
7098,89052566
7099,94777237
7100,50829972
7101,100786738
7102,27361466
7103,52338011
7104,30332368
7105,93582159
7106,71381971
7107,70879473
7108,58763747
7109,61695030
7110,39259865
7111,42336463
7112,130490739
7113,88006242
7114,62872286
7115,59105520
7116,65389935
7117,25604456
7118,58353411
7119,94649745
7120,36241055
7121,38259457
7122,26627573
7123,41468508
7124,113756142
7125,299483232
7126,275642122
7127,55119062
7128,67111301
7129,32418410
7130,57561694
7131,67226141
7132,87220933
7133,77346242
7134,85895709
7135,93096890
7136,62176732
7137,51477166
7138,54728462
7139,42696903
7140,72164391
7141,37010681
7142,50930089
7143,97761415
7144,31087712
7145,78510616
7146,25213547
7147,84194016
7148,112788122
7149,59245785
7150,33379650
7151,46580523
7152,112471255
7153,66997452
7154,65543603
7155,87044273
7156,29112163
7157,69452407
7158,34870397
7159,30819514
7160,32794108
7161,57226606
7162,128809186
7163,84431986
7164,48349959
7165,114792908
7166,61070429
7167,42791614
7168,49044800
7169,51221636
7170,90979310
7171,97027056
7172,76411576
7173,36028321
7174,28620294
7175,30941700
7176,55165182
7177,83647547
7178,95010404
7179,77811853
7180,26309568
7181,54757164
7182,63802968
7183,22990444
7184,277037346
7185,53765340
7186,61822386
7187,126189270
7188,81292405
7189,71674823
7190,56392623
7191,24929252
7192,67600465
7193,60005900
7194,132670894
7195,52143289
7196,80237545
7197,48262463
7198,79255787
7199,74373836
7200,77985697
7201,37295585
7202,55398355
7203,33771508
7204,73706318
7205,82103727
7206,79868884
7207,139475981
7208,65251893
7209,26628863
7210,34487044
7211,24184904
7212,94174129
7213,64582494
7214,25752052
7215,118046060
7216,63795118
7217,37731812
7218,59095856
7219,85033232
7220,65505054
7221,58671558
7222,135190410
7223,37242171
7224,63527172
7225,28312907
7226,107829607
7227,67961697
7228,89200891
7229,62963688
7230,33670432
7231,62611360
7232,82353039
7233,214410682
7234,87744362
7235,72416188
7236,68010643
7237,57941886
7238,39369305
7239,146728973
7240,100587637
7241,73366438
7242,114401868
7243,53864177
7244,73424529
7245,34721889
7246,24163285
7247,86003848
7248,59364343
7249,33036110
7250,35894605
7251,71817196
7252,60028887
7253,70771994
7254,79467535
7255,30015732
7256,75402778
7257,76358088
7258,89572132
7259,46502821
7260,24517480
7261,107446060
7262,24361107
7263,62590277
7264,55802304
7265,77556334
7266,66110238
7267,33873712
7268,57915081
7269,63974043
7270,63358781
7271,37179990
7272,66506348
7273,55927992
7274,70056018
7275,64252759
7276,30230248
7277,101102997
7278,214853747
7279,68421445
7280,83368034
7281,61626850
7282,51394200
7283,87080987
7284,37240199
7285,76835853
7286,157515972
7287,39215648
7288,59841908
7289,65202302
7290,72477069
7291,73913316
7292,28735102
7293,74980582
7294,50023317
7295,79651499
7296,27763926
7297,85762700
7298,40075969
7299,42187871
7300,72908178
7301,81550662
7302,47689059
7303,27852633
7304,55598971
7305,38810210
7306,96136968
7307,28970336
7308,33815363
7309,77824558
7310,76551007
7311,68307324
7312,70975778
7313,105266455
7314,31570736
7315,32792545
7316,71333653
7317,69874613
7318,76242561
7319,68663348
7320,150727826
7321,23352436
7322,68930325
7323,69662178
7324,66762166
7325,77722941
7326,101728368
7327,58943641
7328,66438756
7329,91020559
7330,100379307
7331,65894788
7332,59187898
7333,116475677
7334,87851977
7335,104661334
7336,149972194
7337,51391086
7338,87952503
7339,83413247
7340,49079375
7341,22356217
7342,93998424
7343,50580944
7344,29616596
7345,42117899
7346,36314431
7347,49570348
7348,75165804
7349,47331719
7350,52623702
7351,70999137
7352,24849794
7353,37718179
7354,25879885
7355,61444591
7356,65224093
7357,28432995
7358,41943635
7359,106078459
7360,56397735
7361,22368817
7362,117145118
7363,128840400
7364,28234004
7365,66715862
7366,89056541
7367,41125618
7368,78417604
7369,68628128
7370,92802486
7371,31730428
7372,70990097
7373,95998989
7374,70996143
7375,99875011
7376,29719775
7377,66491934
7378,151569009
7379,68204176
7380,80078592
7381,50063198
7382,41354606
7383,27084884
7384,86256583
7385,82427264
7386,57985175
7387,33891099
7388,66586063
7389,32853887
7390,38588641
7391,55928810
7392,65835915
7393,180637587
7394,74628050
7395,54053903
7396,72669778
7397,129101263
7398,81630833
